"term","frequency","presence","doc_size_sum","type"
"the","43698914",1476273,"4554754186","G"
"to","20721414",1458109,"4543413255","G"
"and","17921092",1456523,"4539929249","G"
"of","18351550",1448084,"4536743076","G"
"a","18426052",1447930,"4536604600","G"
"in","16184232",1436623,"4528870385","G"
"on","7373906",1366128,"4417889993","G"
"for","7614537",1339870,"4393633489","G"
"s","9370208",1308805,"4319442290","G"
"is","6934911",1247093,"4229887339","G"
"with","5384732",1241902,"4224887312","G"
"that","7517582",1218635,"4195925987","G"
"at","4547771",1159893,"4054017012","G"
"by","3678842",1136166,"3972934333","G"
"it","5614423",1122860,"4015011477","G"
"as","4473556",1115708,"4025073620","G"
"from","3533645",1109783,"3966912371","G"
"was","4800578",1061615,"3766485776","G"
"be","3642084",1054262,"3833581671","G"
"has","3635560",1052919,"3772989852","G"
"an","2903582",1018046,"3778642120","G"
"this","3009587",1008192,"3675583784","G"
"have","3431021",1003841,"3746315117","G"
"are","3363465",986885,"3632952355","G"
"not","2653037",947223,"3509746114","G"
"said","4110456",937489,"3176599800","G"
"but","2847471",919460,"3553055828","G"
"will","2715169",865095,"3195892404","G"
"he","4345084",852781,"3195123468","G"
"who","2114083",810447,"3164885469","G"
"been","1825985",807338,"3110916478","G"
"after","1779442",786208,"3007034040","G"
"their","2014765",760363,"3042293465","G"
"one","1769615",760268,"3113036091","G"
"which","1573187",758465,"2980603529","G"
"they","2368946",757248,"3082567854","G"
"his","3316788",756786,"2910312934","G"
"up","1679909",755194,"3018693483","G"
"also","1451948",751759,"2906514299","G"
"more","1819510",744093,"3047315904","G"
"all","1540148",739918,"2921029013","G"
"about","1739091",731359,"2946344210","G"
"or","1904787",729242,"2955955236","G"
"we","2449676",721330,"2808237494","G"
"out","1477998",704428,"2887308303","G"
"had","1798353",703429,"2758016077","G"
"year","1565506",685282,"2662054723","G"
"were","1638555",677242,"2689644520","G"
"new","1635229",669856,"2647662305","G"
"when","1435030",668300,"2775923861","G"
"t","1968903",662930,"2778076177","G"
"there","1487423",641334,"2750245278","G"
"two","1211761",617864,"2546117369","G"
"you","2500549",615647,"2420227044","G"
"over","1165603",615327,"2577792698","G"
"its","1556171",615244,"2519242264","G"
"can","1397885",606696,"2571432598","G"
"would","1417325",603546,"2535229872","G"
"first","1240323",599053,"2496396639","G"
"time","1127989",595535,"2541911258","G"
"last","1113024",590075,"2371234664","G"
"if","1261636",582809,"2495591234","G"
"other","992563",569461,"2441149927","G"
"than","1121742",568312,"2508210417","G"
"i","3010447",565394,"2357140586","G"
"no","1059886",554819,"2378725036","G"
"into","1022290",553916,"2410999275","G"
"so","1110631",545847,"2407300600","G"
"some","996906",534955,"2368200665","G"
"people","1302205",534039,"2279599783","G"
"what","1125257",527641,"2369596890","G"
"while","784720",495392,"2099881979","G"
"just","945073",494320,"2202736512","G"
"could","910332",494118,"2174208439","G"
"now","841144",490798,"2105498132","G"
"years","913142",482126,"2158594490","G"
"like","950933",479719,"2122264278","G"
"get","822671",471548,"2044719434","G"
"only","747163",460843,"2075091754","G"
"our","969618",456903,"1892467946","G"
"them","828124",449643,"2028646601","G"
"before","718383",447034,"1973114867","G"
"most","737011",435091,"2028972340","G"
"may","781829",432573,"1835343647","G"
"being","678921",428034,"1889200934","G"
"do","779631",421956,"1948570523","G"
"three","699698",407782,"1786103429","G"
"make","631092",405876,"1850048017","G"
"any","652594",405868,"1771223071","G"
"day","734417",403681,"1758864517","G"
"made","608260",401438,"1795328190","G"
"how","726747",397682,"1856634026","G"
"back","632464",397411,"1814387745","G"
"us","1014289",396633,"1667156162","G"
"during","756341",394459,"1709256133","G"
"where","629790",392986,"1814129148","G"
"1","880284",392236,"1585666196","G"
"against","770693",384374,"1648530011","G"
"even","625446",377557,"1809730961","G"
"because","638675",373817,"1749395400","G"
"your","924459",373599,"1446468944","G"
"since","551222",372414,"1650409961","G"
"many","618108",372319,"1790460722","G"
"off","625130",367647,"1642717876","G"
"she","1556891",365765,"1563144473","G"
"him","811957",365057,"1597990235","G"
"her","1624136",362149,"1531851050","G"
"take","535329",360114,"1659783225","G"
"through","557952",358487,"1669706691","G"
"well","536181",358158,"1636245309","G"
"world","725603",355808,"1584578583","G"
"told","560975",355045,"1402941972","G"
"down","555783",350601,"1637452451","G"
"then","563563",349946,"1620458097","G"
"including","473527",348005,"1506695727","G"
"state","872130",347744,"1495234552","G"
"way","537712",344089,"1668215821","G"
"10","589126",342973,"1436930879","G"
"president","785742",336188,"1434569532","N"
"those","539389",335642,"1617730071","G"
"2","754254",333332,"1360773641","G"
"under","509641",331780,"1472862471","G"
"2017","770673",330511,"1103457322","G"
"old","535405",328934,"1382038609","G"
"government","801691",328836,"1384211101","G"
"such","512206",326113,"1498167651","G"
"still","486042",322378,"1562582769","G"
"between","486835",322150,"1470960818","G"
"these","541358",321095,"1539552616","G"
"week","518898",318495,"1368167502","G"
"much","484271",318061,"1561919641","G"
"around","469148",317112,"1446537281","G"
"home","611122",315800,"1346357331","G"
"should","540449",315051,"1455752383","G"
"according","483069",312026,"1234179893","G"
"another","426178",306218,"1457286621","G"
"long","441809",306215,"1486873659","N"
"go","466775",306180,"1458661249","G"
"very","498255",304316,"1430659963","G"
"here","459474",302051,"1315707731","G"
"news","534683",301826,"1159057622","G"
"see","464165",301493,"1433455391","G"
"both","423612",300244,"1393257174","G"
"did","457134",298925,"1403894062","G"
"re","570880",296964,"1373291133","PN"
"high","459468",294025,"1352470820","G"
"say","458139",293957,"1402922872","G"
"says","708241",293693,"1308328056","G"
"next","425996",293437,"1337528902","G"
"part","413562",292149,"1377000898","G"
"going","483184",291890,"1391750456","G"
"work","482630",289720,"1392589108","G"
"3","562388",287949,"1178939614","G"
"don","479829",285818,"1402004175","G"
"good","465941",285179,"1366428145","G"
"5","589568",284486,"1155439261","G"
"four","449441",282740,"1293341476","G"
"right","461896",279103,"1363274727","G"
"country","486674",278803,"1248181914","G"
"000","553174",278117,"1227871709","G"
"my","721364",275938,"1262345360","G"
"top","413745",266788,"1189660533","G"
"come","358585",263338,"1266511777","G"
"m","548577",262740,"1145146458","G"
"set","367722",260093,"1182611312","G"
"former","439308",259638,"1185077566","G"
"end","380457",259198,"1231160679","G"
"need","393562",257251,"1255682242","G"
"know","410516",256953,"1244649572","G"
"national","442127",256765,"1158529998","G"
"help","374915",256414,"1173451324","G"
"five","377182",252781,"1149094627","G"
"2015","462165",251580,"962452009","G"
"4","484933",250901,"1046112306","G"
"want","399661",250671,"1214538603","G"
"same","350751",250323,"1218844849","G"
"second","423291",249496,"1133256428","G"
"best","406263",246053,"1158194562","G"
"called","335136",244782,"1162150994","G"
"think","423822",244725,"1208061906","G"
"public","347359",243609,"1151755379","G"
"today","416024",241021,"1038233636","G"
"left","367441",240361,"1178581580","G"
"times","378823",239549,"1113963977","G"
"team","505652",239468,"999515630","G"
"use","387477",239453,"1118126183","G"
"later","310222",238420,"1035777203","G"
"without","321456",237749,"1109666898","G"
"life","429453",237660,"1154930061","G"
"city","584937",237087,"1061074588","G"
"20","351160",236124,"1040319462","G"
"too","341866",235588,"1177800093","G"
"every","347677",235141,"1194676051","G"
"however","312278",234565,"968556137","G"
"days","344105",234004,"1093610540","G"
"group","406098",232377,"1057948519","G"
"media","377535",230538,"923431937","G"
"place","320337",229668,"1080698417","G"
"month","330003",229386,"983504440","G"
"own","332020",229343,"1176418888","G"
"big","356271",229001,"1137995781","G"
"man","451433",228294,"1027881580","G"
"house","560751",227173,"1087270854","G"
"took","299705",226446,"1029955012","G"
"put","295056",224406,"1112989111","G"
"used","317550",224304,"1073815077","G"
"found","354335",223024,"1032674623","G"
"12","360235",222565,"971754058","G"
"march","452502",221859,"877945728","G"
"photo","491687",220941,"833237543","G"
"few","295049",220709,"1104485223","G"
"6","468453",218729,"908770586","G"
"minister","509040",218019,"810653670","G"
"police","663203",217655,"828804201","N"
"me","462097",215985,"1027030090","G"
"again","286954",212727,"988725153","G"
"added","272917",212606,"809876334","G"
"show","388549",211519,"989386766","G"
"million","470315",211398,"978934722","G"
"family","406757",210716,"1013024013","G"
"u","619749",210161,"914353051","G"
"based","292756",209790,"937323241","G"
"look","294525",209642,"1029663155","G"
"away","289309",209160,"1033378962","G"
"never","319645",209123,"1089145982","G"
"april","434818",208611,"776232869","G"
"30","326626",207942,"905724048","G"
"making","261229",206625,"1020041763","G"
"got","313050",206467,"968101903","G"
"came","271008",206162,"980581819","G"
"chief","332805",204394,"843590665","G"
"7","404583",204388,"869100214","G"
"friday","367309",203491,"751567393","PN"
"far","268180",202936,"1015087842","G"
"across","283576",202881,"999373698","G"
"business","384729",202252,"937154166","G"
"won","319346",201542,"957470430","G"
"2016","420934",201331,"829241170","G"
"15","310553",201136,"883715435","G"
"among","266300",200963,"978377728","G"
"number","288632",199863,"916092679","G"
"company","473149",199755,"827650335","G"
"months","277894",199040,"926026021","G"
"past","248528",198877,"982812763","G"
"each","280855",198540,"960309659","G"
"already","254830",195997,"939869743","G"
"support","270789",195806,"920641372","N"
"trump","911410",195771,"898334987","N"
"8","365186",194943,"816354120","G"
"six","275204",194226,"895352568","G"
"better","277092",194085,"963935927","G"
"ve","321078",193590,"955518587","G"
"seen","257625",190856,"896380675","G"
"little","272901",190529,"1000259284","G"
"several","248145",190488,"886114976","G"
"night","301435",188493,"871187183","G"
"monday","323306",188387,"671183469","PN"
"really","301757",187987,"966244084","G"
"great","267700",186874,"934723719","G"
"tuesday","317758",186630,"667965008","G"
"case","309848",186204,"860871857","G"
"early","251003",185675,"911059887","G"
"taken","240180",184574,"824208959","G"
"asked","251874",183862,"823378974","G"
"point","263353",183702,"946150578","G"
"office","317571",183280,"837299910","G"
"why","265787",182751,"945716346","G"
"might","264317",181975,"967404328","G"
"11","293741",181423,"778283855","G"
"least","239744",181377,"888853545","G"
"run","251543",181125,"872855807","N"
"saying","235591",180754,"807462475","G"
"start","230610",180534,"873134773","G"
"whether","246767",180332,"915134386","G"
"things","268006",180001,"954939828","G"
"wednesday","306157",179833,"641050768","G"
"give","234800",179724,"889255622","G"
"does","240462",179365,"919130600","G"
"d","350975",179195,"907423496","G"
"lot","267012",179195,"890849655","G"
"per","475059",178493,"721649826","G"
"united","368525",177813,"786486751","PN"
"find","239842",177464,"891756285","G"
"information","294961",177442,"736837178","G"
"earlier","217868",176617,"729684404","G"
"states","332332",176471,"826770440","G"
"following","225363",176060,"766988559","G"
"thursday","304061",175806,"629678804","G"
"yet","221343",175579,"884111823","G"
"international","253807",174992,"780437749","G"
"didn","258625",174814,"888387959","G"
"something","246632",173784,"900386829","G"
"once","227328",173294,"897850722","G"
"party","427613",173176,"770438353","G"
"known","218136",172867,"843490474","G"
"recent","216029",171669,"826886755","G"
"though","225442",171568,"864085007","G"
"court","448126",170324,"759814361","G"
"taking","207765",170161,"823558721","G"
"must","233794",170033,"779335476","G"
"report","312913",169638,"734619827","G"
"com","316390",169425,"602263852","G"
"less","268586",169353,"909328178","G"
"major","226583",169007,"817615626","G"
"given","213972",168810,"823915894","G"
"become","216917",168678,"863181762","G"
"ago","221557",168671,"835295005","G"
"local","259042",168520,"797164890","G"
"working","223951",168457,"826892349","N"
"hit","233278",168147,"777790218","G"
"having","213015",167852,"826145048","G"
"expected","232199",167705,"724202234","G"
"went","224987",167566,"796831017","G"
"keep","220753",167075,"847833030","G"
"third","243198",166795,"732704930","G"
"change","234655",166177,"841715065","N"
"u.s.","581462",165443,"735064074","PN"
"officials","295286",165318,"719677591","G"
"until","211503",165260,"809706491","G"
"full","226968",165212,"801674156","G"
"9","283659",165195,"712692246","G"
"open","237807",165017,"814302587","G"
"head","231001",164560,"805549213","G"
"south","333088",164209,"757276008","G"
"sunday","306390",163106,"609997784","PN"
"free","265520",162769,"770951479","G"
"american","249923",161611,"810064742","G"
"india","615404",161575,"538156135","PN"
"play","248812",161557,"763392890","G"
"security","328413",161097,"741078652","G"
"using","209889",160854,"729314339","G"
"different","222329",160678,"837489250","G"
"game","492911",160176,"738897977","G"
"statement","234562",160102,"612286005","G"
"always","223410",159719,"812000057","G"
"move","202388",159381,"761718237","G"
"others","202570",159120,"792881893","G"
"reported","225773",158758,"585448865","G"
"along","205712",157471,"761523059","G"
"led","202074",157417,"730282530","G"
"power","279183",157213,"788461663","G"
"director","237432",157136,"711499990","G"
"behind","201059",156801,"785049989","G"
"money","283454",155939,"776558126","G"
"donald","282216",155923,"717350417","PN"
"market","317721",154896,"703649640","G"
"white","309830",154642,"769749125","G"
"members","241749",154393,"733250256","G"
"held","201312",153840,"691197273","G"
"post","246768",153838,"670956056","G"
"able","197619",153771,"758594913","G"
"published","198082",153590,"536882317","G"
"close","196538",153491,"735728495","G"
"getting","197716",153221,"774159277","G"
"looking","195252",152759,"736862068","G"
"comes","190687",152750,"744358831","G"
"political","268435",152463,"759093626","G"
"likely","207559",151699,"738256628","G"
"face","203180",151601,"748813716","G"
"saturday","279518",151399,"561795113","PN"
"area","243568",151130,"670820845","G"
"win","279862",151038,"674542016","G"
"star","266441",150875,"591235829","G"
"story","232666",150585,"697170164","G"
"future","186393",149959,"745363713","N"
"north","364788",149868,"723835599","G"
"ll","231840",149849,"761965418","G"
"50","218597",149841,"680425255","G"
"half","232392",149569,"738880309","N"
"hard","194240",149462,"793534962","G"
"live","207534",149413,"671261783","G"
"further","182823",148945,"651795522","G"
"25","212953",148810,"679793233","G"
"law","292425",148389,"736149709","G"
"share","207911",147159,"602302195","G"
"try","181790",147116,"668594384","G"
"near","212254",147100,"672837802","G"
"press","224251",146832,"644177582","G"
"deal","255546",146796,"704969909","G"
"season","384419",146695,"632578409","G"
"ever","190158",146583,"769407027","G"
"coming","180073",146159,"730832223","G"
"18","220444",146145,"625086832","G"
"donald trump","620165",145837,"663357020","PN"
"late","186582",145821,"718305482","G"
"despite","174649",144888,"713309146","G"
"real","210217",144809,"748822892","G"
"daily","182973",144767,"537147452","N"
"16","225472",144624,"624032871","G"
"am","255174",144504,"566967465","G"
"line","210076",144072,"743104596","G"
"doesn","192740",143748,"767494761","G"
"general","195823",143714,"661856011","G"
"video","272539",143203,"598459701","G"
"enough","188416",143082,"768289030","G"
"washington","315107",142924,"662707304","N"
"within","182342",142785,"704338276","G"
"social","209776",142729,"667869464","G"
"important","187904",141955,"706563017","G"
"system","245808",141750,"697227193","G"
"school","366438",141529,"744030605","G"
"trying","179125",141113,"724790104","G"
"side","213266",141112,"679568920","G"
"latest","193055",140951,"614882506","G"
"leader","221996",140814,"627797155","G"
"started","181745",139948,"668452225","G"
"young","211382",139908,"742355987","G"
"service","248208",139773,"627413851","G"
"due","178496",139602,"587389974","G"
"2014","214807",139360,"621798218","G"
"call","179396",139298,"701470186","N"
"order","215565",139110,"656433569","G"
"done","179044",139080,"712139830","G"
"almost","176152",138390,"757745385","G"
"clear","169071",138038,"682648016","G"
"rights","220446",137944,"565207355","G"
"100","191747",137309,"655277855","G"
"department","261302",137307,"598611249","G"
"small","191332",137253,"724963624","G"
"health","310730",137134,"662328978","G"
"doing","176900",136806,"712572678","G"
"women","359948",136247,"664885558","G"
"decision","199689",136146,"632856792","G"
"announced","175405",135531,"549191046","G"
"children","284550",135362,"692758970","G"
"twitter","231816",134981,"519026379","G"
"continue","169931",134830,"632423646","G"
"final","214619",134201,"626633230","G"
"lead","176908",133764,"635142495","N"
"campaign","257055",133406,"642285477","N"
"lost","183046",133092,"654141299","G"
"plan","229808",133078,"686647081","G"
"17","208999",132864,"574400265","G"
"co","194947",132829,"572571160","G"
"west","249319",132767,"637879739","N"
"name","186830",132668,"623473919","G"
"14","207301",132252,"585731996","G"
"seven","172894",131562,"623096703","G"
"services","222896",131317,"571714706","G"
"official","185834",131168,"558524604","G"
"issue","190573",131094,"612767207","G"
"thing","173555",130990,"705380275","G"
"recently","155518",130989,"597207927","G"
"prime","216062",130798,"557350292","N"
"january","197651",130672,"515422167","PN"
"action","185707",130652,"602411242","G"
"policy","224142",130584,"628281186","G"
"ahead","162717",130176,"603933125","G"
"13","206476",130056,"590276984","G"
"percent","407304",129677,"566213758","G"
"outside","189827",129484,"677695431","G"
"person","190189",129301,"633639101","G"
"nearly","163126",129294,"655582912","G"
"together","176399",129102,"653039004","G"
"hours","184907",128806,"613710702","G"
"university","242189",128489,"636566776","G"
"possible","160268",128445,"620514757","G"
"pay","195999",128430,"651494982","G"
"death","233210",127154,"604572974","G"
"let","165622",127067,"658987647","G"
"community","217518",126587,"643260023","G"
"plans","167182",126458,"606739045","N"
"morning","179196",126051,"576489201","G"
"senior","169275",125980,"561655181","G"
"large","164256",125324,"626726855","G"
"front","175636",125241,"622854567","G"
"role","176838",124952,"603255543","N"
"weeks","162335",124911,"622596643","G"
"john","198471",124883,"647734563","G"
"reports","170197",124702,"486646513","N"
"believe","160342",124385,"623481547","G"
"meeting","208416",124170,"549682675","G"
"sure","152683",123849,"600621387","G"
"often","163081",123502,"689958146","G"
"level","159366",123468,"605684273","N"
"york","228088",122975,"579393076","G"
"released","164557",122827,"521427267","G"
"election","259759",122452,"576682338","G"
"fact","155450",122055,"640036212","G"
"soon","148349",121937,"595755808","G"
"strong","158558",121800,"584087392","G"
"series","227071",121443,"575143636","G"
"makes","150779",121192,"643460468","G"
"online","156466",121024,"507778188","G"
"key","152938",120922,"600419627","G"
"men","219971",120774,"600457662","G"
"history","175697",120192,"667560902","G"
"attack","277785",119891,"555639457","N"
"comments","247029",119502,"414428607","G"
"job","180420",119429,"628560658","G"
"woman","220329",119311,"574142068","G"
"current","153906",119118,"563037785","G"
"agency","187112",118656,"482634961","N"
"whose","141089",118654,"582012639","G"
"24","185598",118343,"509557781","G"
"provide","148608",117386,"519344406","G"
"shows","156392",116805,"568033633","G"
"biggest","148535",116430,"584046380","G"
"killed","208070",116185,"507371772","G"
"nation","167062",116178,"594093232","N"
"foreign","185272",115952,"527841594","N"
"center","232043",115659,"596843052","N"
"companies","232042",115460,"519024037","G"
"love","164316",115320,"569401298","N"
"executive","159342",115240,"545687424","N"
"feel","157737",115181,"597245781","G"
"issues","159351",115073,"564864555","G"
"low","159438",114870,"569544087","G"
"instead","137856",114044,"607853027","G"
"war","221734",113690,"603562880","N"
"site","184949",113629,"495820492","G"
"access","291215",113575,"539626429","N"
"process","160224",113568,"555526666","G"
"leaders","179141",113506,"534743099","G"
"record","166285",113355,"551086728","G"
"comment","151645",113286,"393466142","N"
"david","174617",113259,"583776303","N"
"stop","143444",113228,"589413715","G"
"control","151252",113193,"561360379","N"
"eight","148659",113086,"545049725","G"
"central","158811",112865,"498725985","G"
"federal","189788",112793,"581276767","G"
"bring","139531",112653,"564204391","G"
"forward","170346",112507,"547386072","G"
"thought","142615",112119,"593673383","N"
"received","140052",112079,"516067430","G"
"40","143721",112056,"529590567","G"
"personal","140683",111592,"520082866","G"
"act","156635",111512,"559567561","N"
"wanted","154570",111341,"574178248","G"
"return","140296",111247,"535149346","N"
"nothing","136763",111236,"603933447","G"
"needs","144474",111088,"573182455","G"
"mark","160694",110997,"560556052","G"
"special","158097",110778,"524358997","N"
"19","171190",110646,"463657147","G"
"include","137636",110163,"503120760","G"
"read","157841",109656,"494908283","G"
"global","165974",109481,"494768786","G"
"industry","188429",109328,"523796900","G"
"means","131355",109105,"561284756","G"
"private","160717",109000,"537595459","G"
"capital","168085",108981,"461957523","G"
"2013","156388",108671,"506578759","G"
"street","183307",108609,"558289186","G"
"available","147714",108458,"467904245","G"
"began","135715",108018,"556865532","G"
"course","140430",107907,"565204983","G"
"administration","206738",107891,"517101544","N"
"21","173048",107246,"463105742","G"
"please","195340",106898,"336018400","G"
"bill","250445",106730,"554521991","G"
"short","135863",106636,"551750891","G"
"staff","160923",106462,"515459889","G"
"china","427946",106430,"434893147","PN"
"interest","157451",106274,"525740644","G"
"saw","136047",106157,"526227534","G"
"financial","158686",106039,"490197954","G"
"billion","227974",105936,"487230665","G"
"leave","135799",105424,"528989840","N"
"air","198971",105372,"512274708","G"
"mr","350007",105015,"407552856","G"
"development","168301",104958,"474514762","G"
"hand","136584",104932,"543978571","G"
"follow","121730",104286,"419557066","G"
"board","178486",104130,"488005417","N"
"experience","142394",104037,"542558790","N"
"everyone","130464",103861,"547427672","G"
"matter","133645",103746,"501343196","G"
"term","138885",103678,"510087843","N"
"although","123863",103616,"507661596","G"
"car","227452",103456,"501467267","G"
"care","192461",103336,"543352276","N"
"countries","176189",103294,"469490556","G"
"event","168529",103288,"466435670","G"
"building","161688",103285,"533868924","G"
"22","151526",103167,"458249810","G"
"kind","131867",103081,"558406368","N"
"force","156323",102962,"513803654","N"
"higher","145804",102630,"470425145","G"
"australia","328812",102588,"497388395","PN"
"america","189462",102546,"534638961","N"
"wants","133703",102353,"526127085","G"
"especially","122097",102350,"531126686","G"
"cost","142289",102219,"504128909","N"
"anything","125355",102206,"547840984","G"
"member","135047",102188,"485576869","N"
"currently","121881",102117,"439148066","G"
"bit","129339",101862,"475528072","G"
"played","151652",101836,"475666157","G"
"leading","121581",101492,"503349642","G"
"himself","135565",101447,"532590877","G"
"shot","161595",101344,"482001550","G"
"meet","133019",101263,"503266794","G"
"february","159865",101222,"406594059","G"
"east","155449",100857,"525463618","N"
"problem","140529",100819,"543062021","N"
"everything","126482",100535,"543814415","G"
"economic","150302",100533,"485825535","G"
"data","212028",100429,"453347307","G"
"points","230247",100214,"449500795","N"
"isn","126237",100172,"546840109","G"
"running","134774",100105,"523433776","G"
"body","157589",100012,"469754368","G"
"indian","184444",99612,"352837968","G"
"sign","137159",99208,"450598552","G"
"hope","118729",99197,"497622679","N"
"united states","213161",99065,"479152300","NP"
"turned","119439",98610,"524714294","G"
"inside","135048",98565,"514937908","G"
"research","159663",98547,"478106901","G"
"sent","128144",98531,"459682969","G"
"visit","139006",98454,"474111452","G"
"0","241568",98142,"381620982","G"
"turn","113225",98110,"540815995","N"
"wasn","124324",97829,"530275284","G"
"gave","119507",97681,"491136818","G"
"became","122762",97387,"531821616","G"
"players","208541",97215,"453037611","N"
"rather","117807",97153,"525362819","G"
"watch","144612",97079,"491584707","G"
"secretary","142058",97068,"425799984","N"
"road","168080",97061,"460512757","G"
"question","125423",96867,"528473928","N"
"died","157244",96828,"455452559","G"
"black","168332",96713,"492511185","G"
"wrote","141864",96341,"454171257","G"
"ap","243900",95897,"381963505","G"
"involved","118676",95639,"471537158","G"
"actually","122213",95626,"508853410","G"
"room","154960",95576,"504447221","N"
"potential","113558",95553,"485441560","G"
"cut","120497",95540,"477780397","G"
"december","136644",95456,"400368382","PN"
"hold","114304",95442,"491270439","G"
"23","141471",95173,"402464855","G"
"needed","114524",94910,"495216998","G"
"someone","129485",94877,"499793765","G"
"p","195053",94818,"388145190","G"
"list","141849",94818,"487602494","G"
"popular","119259",94814,"485508147","G"
"bank","237846",94646,"427052204","G"
"takes","118187",94641,"509331417","G"
"stay","112682",94047,"483752054","N"
"brought","112131",93770,"490108968","G"
"union","151101",93743,"423219762","G"
"lives","117744",93668,"513515271","N"
"tv","160004",93653,"437333350","G"
"similar","109415",93625,"468101480","G"
"form","117633",93584,"446290792","G"
"showed","115823",93517,"424915989","G"
"images","194200",93496,"417074126","N"
"fight","132843",93405,"473728022","N"
"terms","117461",93398,"441434718","G"
"human","136071",93312,"486655700","G"
"conference","173320",93201,"426129228","N"
"playing","125029",93065,"459783292","G"
"total","118426",93017,"401240957","G"
"result","107355",92839,"470732975","N"
"bad","121779",92804,"507013891","G"
"price","174202",92645,"437524905","G"
"friends","139101",92110,"478972555","N"
"single","129529",92075,"482778472","G"
"related","114443",91987,"367824523","G"
"28","132251",91875,"388968957","G"
"note","125907",91812,"381216779","N"
"military","158350",91728,"431668910","G"
"delhi","168909",91578,"249471589","PN"
"nine","118076",91203,"441078252","G"
"huge","111369",91133,"465501148","G"
"minutes","141051",91017,"421987020","G"
"games","243741",90978,"388144009","N"
"facebook","198275",90944,"380153272","G"
"obama","231943",90942,"450738527","N"
"technology","160485",90928,"406250346","G"
"food","193587",90915,"482661824","G"
"pm","143257",90752,"303994989","G"
"couple","127815",90643,"452662744","G"
"officer","164520",90584,"397670223","N"
"increase","121520",90575,"407558423","G"
"largest","117016",90517,"410410302","G"
"michael","135340",90482,"482415640","N"
"account","127940",90249,"335105902","N"
"offer","122147",90146,"428139423","G"
"authorities","133991",90116,"374513389","N"
"park","211380",90070,"458811838","G"
"growth","187171",89758,"406500282","G"
"either","104038",89558,"474804314","G"
"view","118245",89500,"448746724","N"
"release","127437",89463,"370500953","N"
"address","111609",89401,"380012994","N"
"previous","109754",89393,"404499032","G"
"chance","115903",89239,"466265896","N"
"living","112764",89064,"494699482","G"
"idea","117962",89009,"494284628","N"
"middle","120177",88851,"478823416","N"
"cent","296169",88683,"355871367","G"
"talk","110719",88637,"473136659","G"
"position","116314",88572,"435052395","N"
"email","143201",88479,"304644117","G"
"500","124029",88390,"407990929","G"
"age","131277",88335,"458762700","N"
"remain","104741",87902,"428697039","G"
"red","128991",87882,"457019674","N"
"associated","118398",87787,"377435609","G"
"network","131630",87761,"410463594","G"
"mother","158134",87639,"457641641","N"
"round","162498",87571,"423361738","N"
"league","178276",87557,"345257385","G"
"above","110129",87517,"429615795","G"
"non","118612",87386,"412828359","G"
"moment","108413",87242,"464527372","G"
"reason","104818",87201,"487406304","N"
"period","126856",87087,"407910829","N"
"helped","107335",87079,"479142517","G"
"27","126364",86945,"385590811","G"
"program","171185",86756,"461110245","N"
"problems","110547",86578,"397020892","N"
"growing","107138",86530,"448859089","G"
"anyone","103376",86508,"452221086","G"
"career","127619",86421,"443577946","N"
"allow","103451",86380,"413940312","G"
"thousands","114421",86289,"468525710","G"
"main","108103",86242,"416748874","G"
"worked","107573",86213,"462141360","G"
"fans","158920",86207,"380562654","G"
"subscribe","87354",86173,"289128895","N"
"trade","183083",86111,"403361153","G"
"reuters","135758",85992,"261418150","G"
"content","154883",85922,"310667088","G"
"lower","116901",85767,"398426305","G"
"investigation","147427",85618,"374929581","N"
"focus","98988",85562,"428317420","N"
"risk","129936",85463,"429457950","N"
"australian","160739",85448,"416985493","G"
"limited","124161",85412,"406093829","G"
"water","202807",85391,"427007335","N"
"tell","108049",85344,"475862686","G"
"project","171331",85326,"416125660","N"
"ground","118369",85213,"434128127","N"
"stand","105902",85101,"471042058","N"
"cannot","111400",85086,"411361462","G"
"tried","103099",85072,"434412155","G"
"step","100783",85068,"449997570","G"
"son","143343",85038,"444459534","G"
"decided","103456",84915,"405069082","G"
"longer","101567",84767,"458923214","G"
"wife","140785",84700,"426138341","G"
"film","243167",84576,"337080806","G"
"legal","122463",84407,"422277286","G"
"district","155774",84349,"351730248","N"
"probably","105549",84320,"463070982","G"
"article","116316",84245,"299445311","N"
"situation","116820",84221,"403018998","N"
"adding","96230",84202,"357730460","G"
"fire","162153",84177,"404375854","N"
"areas","124231",84087,"398270192","N"
"seems","104863",84046,"448642392","G"
"26","121259",84000,"363612001","G"
"themselves","100514",83929,"470238530","G"
"posted","110742",83869,"313943112","G"
"details","105922",83766,"359456414","N"
"james","135755",83561,"455610203","PN"
"create","104977",83532,"435042603","G"
"interview","112220",83524,"407312896","G"
"happened","105569",83492,"428183417","G"
"committee","157880",83276,"389019522","N"
"whole","101591",83255,"468907818","G"
"london","185748",83187,"349952133","N"
"difficult","100283",83147,"435923235","G"
"looks","110228",82981,"449454466","G"
"spent","104354",82844,"463071934","G"
"launched","107481",82798,"369781471","G"
"tax","271198",82753,"408047975","G"
"accused","116445",82551,"365741501","G"
"hospital","157280",82461,"358448466","G"
"pressure","109151",81999,"418976272","G"
"paid","113371",81983,"428793745","G"
"match","169370",81948,"335968976","G"
"changes","114770",81794,"430575178","G"
"reached","93400",81786,"366028821","G"
"anti","128635",81756,"399421625","G"
"father","138427",81745,"433666025","G"
"efforts","102973",81731,"400936222","N"
"remains","98906",81493,"414690868","G"
"town","140526",81395,"439312648","N"
"ready","102852",81311,"418663153","G"
"club","153209",81094,"393074775","N"
"2012","113667",81092,"398765573","G"
"failed","101126",81001,"393566640","G"
"response","103588",80902,"390289036","N"
"met","102920",80847,"396890011","N"
"test","152018",80749,"396504366","N"
"new york","166294",80722,"389611326","PN"
"council","145842",80626,"419665571","N"
"directly","87147",80583,"310025466","G"
"questions","107397",80484,"436030640","G"
"light","103052",80468,"395836305","G"
"june","120132",80406,"362969039","G"
"groups","124348",80377,"415129618","N"
"county","210460",80066,"342030991","N"
"happy","110546",80063,"395445540","G"
"centre","129161",79943,"360428976","PN"
"break","97767",79882,"412462936","G"
"november","106242",79726,"366925057","G"
"performance","117261",79690,"376829491","G"
"region","131613",79689,"353572855","N"
"loss","112829",79665,"396524568","N"
"winning","106328",79642,"392388612","G"
"giving","91732",79501,"406329044","G"
"claims","104687",79450,"390988401","N"
"serious","96949",79380,"407255187","G"
"annual","117320",79282,"383824261","G"
"rate","155416",79164,"383011744","G"
"field","130817",79117,"414866117","N"
"economy","134964",79089,"383345124","G"
"british","120485",78807,"353327887","G"
"phone","138532",78770,"387705705","G"
"congress","218918",78720,"354022197","PN"
"example","96210",78471,"425340953","G"
"29","119191",78264,"338176397","G"
"build","103707",78167,"416710409","G"
"gone","91824",78135,"418651547","G"
"space","149206",77997,"391669353","N"
"60","99217",77954,"391278822","G"
"dead","111360",77863,"371461779","G"
"website","110024",77779,"297677534","N"
"weekend","115490",77620,"379760569","G"
"worth","97329",77491,"403428801","N"
"opportunity","94031",77364,"393006029","N"
"land","140525",77266,"396413642","N"
"vote","139653",77219,"379391205","N"
"impact","102230",77100,"394163777","N"
"revealed","95012",77089,"342667338","G"
"stage","109392",77046,"396546293","G"
"itself","91575",77025,"424834922","G"
"followed","87840",76855,"362052598","G"
"incident","125908",76852,"283714256","N"
"gets","101268",76837,"426153228","G"
"talks","138443",76776,"363088741","G"
"claimed","97465",76746,"325695393","G"
"child","143900",76744,"399713397","G"
"rest","89610",76684,"394634944","N"
"chairman","103778",76522,"346109374","N"
"finally","90776",76339,"418072552","G"
"allowed","94523",76197,"382142148","G"
"immediately","86792",76152,"335674847","G"
"summer","114624",75842,"357603779","N"
"decades","90753",75749,"435445353","N"
"quite","92627",75695,"390145110","G"
"fourth","115277",75663,"336912112","G"
"included","88355",75571,"369693308","G"
"spokesman","99152",75549,"310114320","N"
"goes","93341",75301,"415636080","G"
"opening","99710",75280,"380802739","G"
"results","105048",75278,"346062674","G"
"stories","109161",75266,"348207755","G"
"e","200629",75248,"335788127","G"
"st","165502",75146,"374488450","G"
"player","126440",75098,"353485876","N"
"ended","90630",74932,"371245411","G"
"digital","134565",74849,"331644944","G"
"n","130402",74755,"338915900","G"
"c","160095",74683,"365239709","G"
"reach","86731",74681,"369416213","G"
"fall","90770",74391,"379816903","G"
"updated","87136",74312,"232651451","G"
"ways","91385",74249,"415215622","N"
"significant","87956",74235,"390502815","G"
"raised","91309",74215,"356863471","G"
"date","95178",74147,"301752234","N"
"understand","90375",74142,"393851886","G"
"starting","92389",74091,"369623575","G"
"heard","95188",73920,"390476402","G"
"named","92232",73893,"367348154","G"
"speaking","84095",73836,"340632944","G"
"easy","89263",73780,"406120549","G"
"jobs","127263",73660,"392724081","N"
"manager","108004",73611,"329715569","N"
"calls","89438",73600,"389698074","N"
"simple","90394",73596,"305005559","G"
"hour","91430",73586,"386512670","N"
"works","92634",73421,"418549070","G"
"moved","92354",73405,"389572618","G"
"leaving","86936",73351,"370139809","G"
"energy","133658",73347,"377563555","N"
"continued","84647",73323,"350463698","G"
"rules","118356",73102,"375459673","G"
"justice","127495",73038,"356961468","N"
"jan","149275",72966,"296758186","G"
"31","103375",72959,"305575930","G"
"investment","125954",72939,"337355765","G"
"average","100530",72850,"349026459","N"
"200","94193",72768,"357433554","G"
"ask","93914",72741,"388631389","G"
"victory","107656",72698,"347069704","N"
"students","195155",72520,"360713859","G"
"heart","102511",72491,"392174939","N"
"evidence","115349",72359,"365803453","N"
"rise","88715",72354,"376722264","N"
"european","110893",72234,"319981204","N"
"class","112218",72216,"393492007","N"
"created","86313",72127,"381575333","G"
"forces","144167",72098,"349985149","N"
"safety","114972",71944,"351823479","G"
"articles","123239",71913,"308593051","N"
"concerns","90782",71882,"350924542","N"
"prices","138596",71875,"343745305","G"
"hands","88886",71864,"395518985","G"
"true","87693",71816,"410082778","G"
"quickly","85252",71689,"386423018","G"
"charge","97228",71688,"336693499","N"
"appeared","85194",71654,"334664448","G"
"ensure","89034",71587,"319621808","G"
"medical","109937",71533,"336817585","G"
"self","101215",71520,"402803649","G"
"various","85987",71397,"321829178","G"
"confirmed","85758",71335,"292995418","G"
"mean","85870",71317,"398445293","G"
"certain","85012",71254,"380695359","G"
"message","94761",71193,"356755305","N"
"workers","154714",70801,"373876205","N"
"happen","86863",70732,"390038619","G"
"goal","120928",70625,"338078203","N"
"meanwhile","77975",70503,"315543556","G"
"felt","91506",70481,"372743031","G"
"check","88874",70411,"326734700","G"
"wrong","88225",70124,"390690037","G"
"white house","221332",69996,"341758467","PN"
"budget","149216",69979,"352562586","N"
"presidential","117021",69908,"341084258","G"
"sense","87176",69890,"409306963","N"
"expect","86269",69545,"357627594","G"
"arrested","115828",69464,"275653213","G"
"below","84080",69426,"301350322","G"
"opposition","116607",69327,"340400093","N"
"thank","82134",69208,"237925808","G"
"facing","78617",69199,"316653413","G"
"amount","85891",68997,"340164986","N"
"attacks","120390",68957,"341620333","N"
"range","88023",68911,"335725627","N"
"parents","126024",68840,"379694302","G"
"russia","284962",68719,"315703379","PN"
"drive","91706",68676,"362396273","G"
"provided","85779",68669,"335280148","G"
"described","81115",68635,"347125144","G"
"buy","97586",68602,"346944391","G"
"politics","100938",68561,"356902520","G"
"forced","83033",68452,"368887855","G"
"beyond","79364",68417,"365996761","G"
"sales","143099",68381,"324952441","N"
"includes","83084",68363,"329031508","G"
"management","100841",68357,"311633707","N"
"challenge","83220",68320,"363976887","G"
"mind","79481",68251,"367045740","N"
"effort","82623",68192,"361296750","N"
"attention","80592",68126,"364003400","N"
"calling","79826",68089,"334807790","G"
"cause","84206",68089,"337247809","G"
"events","93638",68061,"337414360","N"
"via","99563",68024,"306856316","G"
"talking","82272",67944,"361622840","G"
"parties","106110",67615,"278495162","N"
"changed","83054",67613,"369168590","G"
"moving","82727",67553,"351696167","G"
"towards","87624",67549,"308196466","G"
"study","138397",67382,"332557418","G"
"entire","77973",67378,"344206048","G"
"europe","131263",67256,"312032412","PN"
"opened","86409",67245,"342784804","G"
"quarter","150373",67235,"295248276","N"
"value","96388",67208,"323042002","G"
"relationship","104305",67182,"334162786","N"
"35","85016",67163,"316557665","G"
"firm","100368",67111,"307965376","N"
"success","85741",67008,"355830441","N"
"book","126268",66959,"371867332","G"
"chinese","124617",66892,"296788953","N"
"charges","110798",66853,"299207320","N"
"o","150697",66823,"368579671","G"
"issued","85985",66722,"287212143","G"
"join","81053",66680,"314527498","G"
"july","101807",66479,"308316237","G"
"september","91495",66431,"299506971","PN"
"image","97994",66417,"285766244","G"
"views","81809",66266,"281040159","N"
"pretty","82139",66259,"359811126","G"
"wall","114686",66243,"341760989","N"
"civil","89350",66194,"324556358","G"
"present","79377",66180,"306037062","G"
"2011","87366",66170,"325091431","G"
"particularly","76246",66153,"356302191","G"
"built","90459",66088,"358639993","G"
"else","77219",65888,"381262914","G"
"travel","105627",65865,"342443417","G"
"officers","150761",65777,"290477233","N"
"seeking","77390",65682,"309854095","G"
"paul","100312",65541,"339012917","N"
"fell","90399",65501,"310080335","G"
"demand","95647",65475,"296797874","N"
